username,contraseña
brandon,brandon@gmail.com
kevin,kevin@gmail.com
ilse,ilse@gmail.com
yania,yania@gmail.com
diego,diego@gmail.com
mario,mario@gmail.com
abner,abner@gmail.com
wilmer,wilmer@gmail.com
henri,henri@gmail.com
